email,first_name,last_name,email_verified,external_id,org_external_id,org_name
alice@example.com,Alice,Smith,true,user-001,acme-corp,Acme Corporation
bob@example.com,Bob,Jones,false,user-002,beta-inc,Beta Inc
charlie@example.com,Charlie,Brown,true,user-003,gamma-llc,Gamma LLC
